company_id,period,target_vol,target_flag
Aitken_Spence_Hotel_Holdings_PLC,2014-03-31,0.013453222465766069,0
Aitken_Spence_Hotel_Holdings_PLC,2014-06-30,0.014686918798774977,0
Aitken_Spence_Hotel_Holdings_PLC,2014-09-30,0.015448949890098582,0
Aitken_Spence_Hotel_Holdings_PLC,2014-12-31,0.02023739188894407,0
Aitken_Spence_Hotel_Holdings_PLC,2015-03-31,0.019805136561361462,0
Aitken_Spence_Hotel_Holdings_PLC,2015-06-30,0.015223350678457084,0
Aitken_Spence_Hotel_Holdings_PLC,2015-09-30,0.017001565406330948,0
Aitken_Spence_Hotel_Holdings_PLC,2015-12-31,0.02255324744046574,1
Aitken_Spence_Hotel_Holdings_PLC,2016-03-31,0.01844131204437054,0
Aitken_Spence_Hotel_Holdings_PLC,2016-06-30,0.010145910427485255,0
Aitken_Spence_Hotel_Holdings_PLC,2016-09-30,0.01779108392641521,0
Aitken_Spence_Hotel_Holdings_PLC,2016-12-31,0.018728001867914235,0
Aitken_Spence_Hotel_Holdings_PLC,2017-03-31,0.015767967507375,0
Aitken_Spence_Hotel_Holdings_PLC,2017-06-30,0.02557629812757228,1
Aitken_Spence_Hotel_Holdings_PLC,2017-09-30,0.02396172449402878,1
Aitken_Spence_Hotel_Holdings_PLC,2017-12-31,0.022752101271623946,1
Aitken_Spence_Hotel_Holdings_PLC,2018-03-31,0.02165687864920697,1
Aitken_Spence_Hotel_Holdings_PLC,2018-06-30,0.031180478860534988,1
Aitken_Spence_Hotel_Holdings_PLC,2018-09-30,0.029235888780455167,1
Aitken_Spence_Hotel_Holdings_PLC,2018-12-31,0.03872054391055375,1
Aitken_Spence_Hotel_Holdings_PLC,2019-03-31,0.025876543946082704,1
Aitken_Spence_Hotel_Holdings_PLC,2019-06-30,0.021049838811631753,0
Aitken_Spence_Hotel_Holdings_PLC,2019-09-30,0.025567021850794455,1
Aitken_Spence_Hotel_Holdings_PLC,2019-12-31,0.07428388137396624,1
Aitken_Spence_Hotel_Holdings_PLC,2020-03-31,0.018163108896921975,0
Aitken_Spence_Hotel_Holdings_PLC,2020-06-30,0.04325557103690757,1
Aitken_Spence_Hotel_Holdings_PLC,2020-09-30,0.028368127692180087,1
Aitken_Spence_Hotel_Holdings_PLC,2020-12-31,0.024099811205206562,1
Aitken_Spence_Hotel_Holdings_PLC,2021-03-31,0.02593113306062737,1
Aitken_Spence_Hotel_Holdings_PLC,2021-06-30,0.02967046016284728,1
Aitken_Spence_Hotel_Holdings_PLC,2021-09-30,0.03834084266869489,1
Aitken_Spence_Hotel_Holdings_PLC,2021-12-31,0.04862464241080681,1
Aitken_Spence_Hotel_Holdings_PLC,2022-03-31,0.032492944813783335,1
Aitken_Spence_Hotel_Holdings_PLC,2022-06-30,0.023007104866920258,1
Aitken_Spence_Hotel_Holdings_PLC,2022-09-30,0.022784839733136764,1
Aitken_Spence_Hotel_Holdings_PLC,2022-12-31,0.020980515019580176,0
Aitken_Spence_Hotel_Holdings_PLC,2023-03-31,0.021854117100532724,1
Aitken_Spence_Hotel_Holdings_PLC,2023-06-30,0.021469517802070723,0
Aitken_Spence_Hotel_Holdings_PLC,2023-09-30,0.01938334642140298,0
Aitken_Spence_Hotel_Holdings_PLC,2023-12-31,0.010048082725932364,0
Aitken_Spence_Hotel_Holdings_PLC,2024-03-31,0.012020765122657312,0
Aitken_Spence_Hotel_Holdings_PLC,2024-06-30,0.019725352271879864,0
Aitken_Spence_Hotel_Holdings_PLC,2024-09-30,0.021570633733950132,0
Asian_Hotels_and_Properties_PLC,2014-03-31,0.01523504377108877,0
Asian_Hotels_and_Properties_PLC,2014-06-30,0.012625787218422491,0
Asian_Hotels_and_Properties_PLC,2014-09-30,0.01872943774462662,0
Asian_Hotels_and_Properties_PLC,2014-12-31,0.020581007550933093,0
Asian_Hotels_and_Properties_PLC,2015-03-31,0.019958642167362955,0
Asian_Hotels_and_Properties_PLC,2015-06-30,0.017306025517109122,0
Asian_Hotels_and_Properties_PLC,2015-09-30,0.021183497667358987,0
Asian_Hotels_and_Properties_PLC,2015-12-31,0.024570398734787897,1
Asian_Hotels_and_Properties_PLC,2016-03-31,0.021321205608493,0
Asian_Hotels_and_Properties_PLC,2016-06-30,0.01795203634917361,0
Asian_Hotels_and_Properties_PLC,2016-09-30,0.013083175523076664,0
Asian_Hotels_and_Properties_PLC,2016-12-31,0.01748088699556706,0
Asian_Hotels_and_Properties_PLC,2017-03-31,0.0187766938336065,0
Asian_Hotels_and_Properties_PLC,2017-06-30,0.02016606908087325,0
Asian_Hotels_and_Properties_PLC,2017-09-30,0.02440839602236389,1
Asian_Hotels_and_Properties_PLC,2017-12-31,0.01961540813721681,0
Asian_Hotels_and_Properties_PLC,2018-03-31,0.02936436673554699,1
Asian_Hotels_and_Properties_PLC,2018-06-30,0.02755277212896945,1
Asian_Hotels_and_Properties_PLC,2018-09-30,0.02630029528155288,1
Asian_Hotels_and_Properties_PLC,2018-12-31,0.03350867405535026,1
Asian_Hotels_and_Properties_PLC,2019-03-31,0.03463664889918481,1
Asian_Hotels_and_Properties_PLC,2019-06-30,0.02147413920338526,0
Asian_Hotels_and_Properties_PLC,2019-09-30,0.027017721836919435,1
Asian_Hotels_and_Properties_PLC,2019-12-31,0.05109077725650157,1
Asian_Hotels_and_Properties_PLC,2020-03-31,0.038415245807980315,1
Asian_Hotels_and_Properties_PLC,2020-06-30,0.029866151439130892,1
Asian_Hotels_and_Properties_PLC,2020-09-30,0.03776428300819272,1
Asian_Hotels_and_Properties_PLC,2020-12-31,0.024414759610336,1
Asian_Hotels_and_Properties_PLC,2021-03-31,0.03452748793044666,1
Asian_Hotels_and_Properties_PLC,2021-06-30,0.032947027803500235,1
Asian_Hotels_and_Properties_PLC,2021-09-30,0.027984609476451226,1
Asian_Hotels_and_Properties_PLC,2021-12-31,0.05061010036371506,1
Asian_Hotels_and_Properties_PLC,2022-03-31,0.04850832206655377,1
Asian_Hotels_and_Properties_PLC,2022-06-30,0.03900793743888388,1
Asian_Hotels_and_Properties_PLC,2022-09-30,0.03725049910104896,1
Asian_Hotels_and_Properties_PLC,2022-12-31,0.025503063946005832,1
Asian_Hotels_and_Properties_PLC,2023-03-31,0.03001425833437744,1
Asian_Hotels_and_Properties_PLC,2023-06-30,0.018065335600855305,0
Asian_Hotels_and_Properties_PLC,2023-09-30,0.016769668367333856,0
Asian_Hotels_and_Properties_PLC,2023-12-31,0.0200667998207726,0
Asian_Hotels_and_Properties_PLC,2024-03-31,0.01991613667981675,0
Asian_Hotels_and_Properties_PLC,2024-06-30,0.019053393368425823,0
Asian_Hotels_and_Properties_PLC,2024-09-30,0.02001290151238789,0
Browns_Beach_Hotels_PLC,2014-03-31,0.0207099535105727,0
Browns_Beach_Hotels_PLC,2014-06-30,0.01774679890368695,0
Browns_Beach_Hotels_PLC,2014-09-30,0.01931453617315787,0
Browns_Beach_Hotels_PLC,2014-12-31,0.024590002150829935,0
Browns_Beach_Hotels_PLC,2015-03-31,0.019064143484234786,0
Browns_Beach_Hotels_PLC,2015-06-30,0.014914262206692565,0
Browns_Beach_Hotels_PLC,2015-09-30,0.03423561559747631,1
Browns_Beach_Hotels_PLC,2015-12-31,0.03233012358803646,0
Browns_Beach_Hotels_PLC,2016-03-31,0.026489685971731614,0
Browns_Beach_Hotels_PLC,2016-06-30,0.02290536785033522,0
Browns_Beach_Hotels_PLC,2016-09-30,0.023807639280116148,0
Browns_Beach_Hotels_PLC,2016-12-31,0.03212235258770851,0
Browns_Beach_Hotels_PLC,2017-03-31,0.02472095848343208,0
Browns_Beach_Hotels_PLC,2017-06-30,0.02864983282839024,0
Browns_Beach_Hotels_PLC,2017-09-30,0.02552732380500472,0
Browns_Beach_Hotels_PLC,2017-12-31,0.03296053181096867,1
Browns_Beach_Hotels_PLC,2018-03-31,0.027974167072763595,0
Browns_Beach_Hotels_PLC,2018-06-30,0.03298134608326452,1
Browns_Beach_Hotels_PLC,2018-09-30,0.030932577111998028,0
Browns_Beach_Hotels_PLC,2018-12-31,0.039308112806529294,1
Browns_Beach_Hotels_PLC,2019-03-31,0.03444683992340746,1
Browns_Beach_Hotels_PLC,2019-06-30,0.026294364369893138,0
Browns_Beach_Hotels_PLC,2019-09-30,0.03790551412541175,1
Browns_Beach_Hotels_PLC,2019-12-31,0.08908600294877018,1
Browns_Beach_Hotels_PLC,2020-03-31,0.046501434647177486,1
Browns_Beach_Hotels_PLC,2020-06-30,0.04585780100962279,1
Browns_Beach_Hotels_PLC,2020-09-30,0.030912348722882992,0
Browns_Beach_Hotels_PLC,2020-12-31,0.033842045906132566,1
Browns_Beach_Hotels_PLC,2021-03-31,0.029065871102360922,0
Browns_Beach_Hotels_PLC,2021-06-30,0.038775129734503415,1
Browns_Beach_Hotels_PLC,2021-09-30,0.03393150297231912,1
Browns_Beach_Hotels_PLC,2021-12-31,0.058159360010222746,1
Browns_Beach_Hotels_PLC,2022-03-31,0.044768589030097485,1
Browns_Beach_Hotels_PLC,2022-06-30,0.046364332888728474,1
Browns_Beach_Hotels_PLC,2022-09-30,0.03964365953140544,1
Browns_Beach_Hotels_PLC,2022-12-31,0.033274337879717654,1
Browns_Beach_Hotels_PLC,2023-03-31,0.037553576040796656,1
Browns_Beach_Hotels_PLC,2023-06-30,0.03554764077354278,1
Browns_Beach_Hotels_PLC,2023-09-30,0.03875368193906026,1
Browns_Beach_Hotels_PLC,2023-12-31,0.03095868489893721,0
Browns_Beach_Hotels_PLC,2024-03-31,0.03438508348926137,1
Browns_Beach_Hotels_PLC,2024-06-30,0.03157620089070674,0
Browns_Beach_Hotels_PLC,2024-09-30,0.04049540015249327,1
Ceylon_Hotels_Corporation_PLC,2014-03-31,0.023740445511989602,0
Ceylon_Hotels_Corporation_PLC,2014-06-30,0.025396612610722503,0
Ceylon_Hotels_Corporation_PLC,2014-09-30,0.03986706954639852,1
Ceylon_Hotels_Corporation_PLC,2014-12-31,0.03324280689618271,1
Ceylon_Hotels_Corporation_PLC,2015-03-31,0.042822554099948666,1
Ceylon_Hotels_Corporation_PLC,2015-06-30,0.0343904295084983,1
Ceylon_Hotels_Corporation_PLC,2015-09-30,0.04771112286394016,1
Ceylon_Hotels_Corporation_PLC,2015-12-31,0.02879614086269298,0
Ceylon_Hotels_Corporation_PLC,2016-03-31,0.02714028506510128,0
Ceylon_Hotels_Corporation_PLC,2016-06-30,0.027015987117169477,0
Ceylon_Hotels_Corporation_PLC,2016-09-30,0.04170166055376195,1
Ceylon_Hotels_Corporation_PLC,2016-12-31,0.03406282129422157,1
Ceylon_Hotels_Corporation_PLC,2017-03-31,0.030870284114634272,1
Ceylon_Hotels_Corporation_PLC,2017-06-30,0.01853639336941119,0
Ceylon_Hotels_Corporation_PLC,2017-09-30,0.019086365560243422,0
Ceylon_Hotels_Corporation_PLC,2017-12-31,0.027311740813277592,0
Ceylon_Hotels_Corporation_PLC,2018-03-31,0.029410702062881943,0
Ceylon_Hotels_Corporation_PLC,2018-06-30,0.023169296698601738,0
Ceylon_Hotels_Corporation_PLC,2018-09-30,0.04150655510108408,1
Ceylon_Hotels_Corporation_PLC,2018-12-31,0.05196416649960851,1
Ceylon_Hotels_Corporation_PLC,2019-03-31,0.04366129666422304,1
Ceylon_Hotels_Corporation_PLC,2019-06-30,0.026313464189098038,0
Ceylon_Hotels_Corporation_PLC,2019-09-30,0.025155488204296014,0
Ceylon_Hotels_Corporation_PLC,2019-12-31,0.04513789612745877,1
Ceylon_Hotels_Corporation_PLC,2020-03-31,0.03660846867633756,1
Ceylon_Hotels_Corporation_PLC,2020-06-30,0.03742236711621628,1
Ceylon_Hotels_Corporation_PLC,2020-09-30,0.024457482237698794,0
Ceylon_Hotels_Corporation_PLC,2020-12-31,0.033829253290546125,1
Ceylon_Hotels_Corporation_PLC,2021-03-31,0.04559350185361828,1
Ceylon_Hotels_Corporation_PLC,2021-06-30,0.059048723014468806,1
Ceylon_Hotels_Corporation_PLC,2021-09-30,0.05467437481643261,1
Ceylon_Hotels_Corporation_PLC,2021-12-31,0.06927733428493071,1
Ceylon_Hotels_Corporation_PLC,2022-03-31,0.06672887641078702,1
Ceylon_Hotels_Corporation_PLC,2022-06-30,0.043455780552476404,1
Ceylon_Hotels_Corporation_PLC,2022-09-30,0.029197702240330956,0
Ceylon_Hotels_Corporation_PLC,2022-12-31,0.03147939200730765,1
Ceylon_Hotels_Corporation_PLC,2023-03-31,0.029933590236491312,0
Ceylon_Hotels_Corporation_PLC,2023-06-30,0.019606581220136123,0
Ceylon_Hotels_Corporation_PLC,2023-09-30,0.024341357650181996,0
Ceylon_Hotels_Corporation_PLC,2023-12-31,0.020562004460817202,0
Ceylon_Hotels_Corporation_PLC,2024-03-31,0.018997042344014788,0
Ceylon_Hotels_Corporation_PLC,2024-06-30,0.02219988747606062,0
Ceylon_Hotels_Corporation_PLC,2024-09-30,0.030480320122417283,0
Dolphin_Hotels_PLC,2014-03-31,0.024789928736061822,0
Dolphin_Hotels_PLC,2014-06-30,0.025048570958365924,0
Dolphin_Hotels_PLC,2014-09-30,0.04586020625140068,1
Dolphin_Hotels_PLC,2014-12-31,0.041990234742564775,1
Dolphin_Hotels_PLC,2015-03-31,0.036098688583928354,1
Dolphin_Hotels_PLC,2015-06-30,0.03614909643902836,1
Dolphin_Hotels_PLC,2015-09-30,0.03756604659384253,1
Dolphin_Hotels_PLC,2015-12-31,0.024315740187090616,0
Dolphin_Hotels_PLC,2016-03-31,0.018205645624002544,0
Dolphin_Hotels_PLC,2016-06-30,0.020391209240690936,0
Dolphin_Hotels_PLC,2016-09-30,0.02569979731022777,0
Dolphin_Hotels_PLC,2016-12-31,0.032496349981683145,0
Dolphin_Hotels_PLC,2017-03-31,0.033079837225606236,1
Dolphin_Hotels_PLC,2017-06-30,0.026716615047211775,0
Dolphin_Hotels_PLC,2017-09-30,0.03418230649686985,1
Dolphin_Hotels_PLC,2017-12-31,0.04016567239612552,1
Dolphin_Hotels_PLC,2018-03-31,0.034179286400034925,1
Dolphin_Hotels_PLC,2018-06-30,0.02454108298556421,0
Dolphin_Hotels_PLC,2018-09-30,0.039793210452103496,1
Dolphin_Hotels_PLC,2018-12-31,0.027755791956322988,0
Dolphin_Hotels_PLC,2019-03-31,0.02774282774744191,0
Dolphin_Hotels_PLC,2019-06-30,0.026078108945103297,0
Dolphin_Hotels_PLC,2019-09-30,0.027213559639639884,0
Dolphin_Hotels_PLC,2019-12-31,0.06541037779870312,1
Dolphin_Hotels_PLC,2020-03-31,0.045812364216887363,1
Dolphin_Hotels_PLC,2020-06-30,0.04978710877845149,1
Dolphin_Hotels_PLC,2020-09-30,0.04065706418817587,1
Dolphin_Hotels_PLC,2020-12-31,0.04266880781565652,1
Dolphin_Hotels_PLC,2021-03-31,0.0347482054437417,1
Dolphin_Hotels_PLC,2021-06-30,0.04218997539354525,1
Dolphin_Hotels_PLC,2021-09-30,0.0457474124660942,1
Dolphin_Hotels_PLC,2021-12-31,0.09120009567805148,1
Dolphin_Hotels_PLC,2022-03-31,0.060737529507119116,1
Dolphin_Hotels_PLC,2022-06-30,0.03676645547179724,1
Dolphin_Hotels_PLC,2022-09-30,0.03697735782197576,1
Dolphin_Hotels_PLC,2022-12-31,0.02534317724446499,0
Dolphin_Hotels_PLC,2023-03-31,0.02808027153610817,0
Dolphin_Hotels_PLC,2023-06-30,0.03303098438558461,0
Dolphin_Hotels_PLC,2023-09-30,0.026220166862155076,0
Dolphin_Hotels_PLC,2023-12-31,0.021512170658694953,0
Dolphin_Hotels_PLC,2024-03-31,0.020921781710641716,0
Dolphin_Hotels_PLC,2024-06-30,0.02527302254377436,0
Dolphin_Hotels_PLC,2024-09-30,0.02544417045737172,0
Eden_Hotel_Lanaka_PLC,2014-03-31,0.015259356270089782,0
Eden_Hotel_Lanaka_PLC,2014-06-30,0.017491229928481282,0
Eden_Hotel_Lanaka_PLC,2014-09-30,0.03188177178901339,0
Eden_Hotel_Lanaka_PLC,2014-12-31,0.027872845163074447,0
Eden_Hotel_Lanaka_PLC,2015-03-31,0.029398827855873864,0
Eden_Hotel_Lanaka_PLC,2015-06-30,0.014655864068429697,0
Eden_Hotel_Lanaka_PLC,2015-09-30,0.029400762501911506,0
Eden_Hotel_Lanaka_PLC,2015-12-31,0.03419938206222379,0
Eden_Hotel_Lanaka_PLC,2016-03-31,0.016802611989708022,0
Eden_Hotel_Lanaka_PLC,2016-06-30,0.035453127723743226,1
Eden_Hotel_Lanaka_PLC,2016-09-30,0.03572686524364592,1
Eden_Hotel_Lanaka_PLC,2016-12-31,0.06185676439901971,1
Eden_Hotel_Lanaka_PLC,2017-03-31,0.046309150827408205,1
Eden_Hotel_Lanaka_PLC,2017-06-30,0.031236054862721983,0
Eden_Hotel_Lanaka_PLC,2017-09-30,0.03025944214491369,0
Eden_Hotel_Lanaka_PLC,2017-12-31,0.03841950985024743,1
Eden_Hotel_Lanaka_PLC,2018-03-31,0.04502045596687034,1
Eden_Hotel_Lanaka_PLC,2018-06-30,0.05547621082688705,1
Eden_Hotel_Lanaka_PLC,2018-09-30,0.051841378802178095,1
Eden_Hotel_Lanaka_PLC,2018-12-31,0.03890730525279473,1
Eden_Hotel_Lanaka_PLC,2019-03-31,0.060782099246411224,1
Eden_Hotel_Lanaka_PLC,2019-06-30,0.050297862881088944,1
Eden_Hotel_Lanaka_PLC,2019-09-30,0.05193221678936933,1
Eden_Hotel_Lanaka_PLC,2019-12-31,0.071625513860327,1
Eden_Hotel_Lanaka_PLC,2020-03-31,0.05027819818303877,1
Eden_Hotel_Lanaka_PLC,2020-06-30,0.029436757167219302,0
Eden_Hotel_Lanaka_PLC,2020-09-30,0.04477889173945349,1
Eden_Hotel_Lanaka_PLC,2020-12-31,0.018304712388344913,0
Eden_Hotel_Lanaka_PLC,2021-03-31,0.051401727854802015,1
Eden_Hotel_Lanaka_PLC,2021-06-30,0.04128500778793754,1
Eden_Hotel_Lanaka_PLC,2021-09-30,0.0430898156624085,1
Eden_Hotel_Lanaka_PLC,2021-12-31,0.07019567382701788,1
Eden_Hotel_Lanaka_PLC,2022-03-31,0.06410325889190031,1
Eden_Hotel_Lanaka_PLC,2022-06-30,0.03554696676826315,1
Eden_Hotel_Lanaka_PLC,2022-09-30,0.02444117805827298,0
Eden_Hotel_Lanaka_PLC,2022-12-31,0.02963250498309742,0
Eden_Hotel_Lanaka_PLC,2023-03-31,0.03527086099356415,1
Eden_Hotel_Lanaka_PLC,2023-06-30,0.02528095183962367,0
Eden_Hotel_Lanaka_PLC,2023-09-30,0.021378832792881004,0
Eden_Hotel_Lanaka_PLC,2023-12-31,0.020820664932407276,0
Eden_Hotel_Lanaka_PLC,2024-03-31,0.018053639393823914,0
Eden_Hotel_Lanaka_PLC,2024-06-30,0.023076955259638408,0
Eden_Hotel_Lanaka_PLC,2024-09-30,0.02047231932853179,0
Galadari_Hotels,2014-03-31,0.015718232174361888,0
Galadari_Hotels,2014-06-30,0.019000475946280983,0
Galadari_Hotels,2014-09-30,0.018054087264030887,0
Galadari_Hotels,2014-12-31,0.016929498733008443,0
Galadari_Hotels,2015-03-31,0.013116881565054743,0
Galadari_Hotels,2015-06-30,0.01574063741695366,0
Galadari_Hotels,2015-09-30,0.02336494536027403,0
Galadari_Hotels,2015-12-31,0.037177324003530784,1
Galadari_Hotels,2016-03-31,0.021718739627155606,0
Galadari_Hotels,2016-06-30,0.027430868285826207,1
Galadari_Hotels,2016-09-30,0.017811749261347213,0
Galadari_Hotels,2016-12-31,0.01451332907060234,0
Galadari_Hotels,2017-03-31,0.015224918385246599,0
Galadari_Hotels,2017-06-30,0.01762179279746563,0
Galadari_Hotels,2017-09-30,0.019081891669163024,0
Galadari_Hotels,2017-12-31,0.029626638204616734,1
Galadari_Hotels,2018-03-31,0.023358843289315246,0
Galadari_Hotels,2018-06-30,0.020342918516762707,0
Galadari_Hotels,2018-09-30,0.026467107758661033,1
Galadari_Hotels,2018-12-31,0.0282086291283799,1
Galadari_Hotels,2019-03-31,0.023263697121017796,0
Galadari_Hotels,2019-06-30,0.030021372705871,1
Galadari_Hotels,2019-09-30,0.02634715493600829,1
Galadari_Hotels,2019-12-31,0.06915190991364702,1
Galadari_Hotels,2020-03-31,0.02833594826963616,1
Galadari_Hotels,2020-06-30,0.03093922275540143,1
Galadari_Hotels,2020-09-30,0.02588368127678511,1
Galadari_Hotels,2020-12-31,0.023728125450739487,1
Galadari_Hotels,2021-03-31,0.02909066465837922,1
Galadari_Hotels,2021-06-30,0.05609801183982042,1
Galadari_Hotels,2021-09-30,0.05049200600567191,1
Galadari_Hotels,2021-12-31,0.07185294952823951,1
Galadari_Hotels,2022-03-31,0.058736284518806275,1
Galadari_Hotels,2022-06-30,0.041265399832551106,1
Galadari_Hotels,2022-09-30,0.023629811067129095,1
Galadari_Hotels,2022-12-31,0.022665342938166112,0
Galadari_Hotels,2023-03-31,0.02406563043443026,1
Galadari_Hotels,2023-06-30,0.02723377615005649,1
Galadari_Hotels,2023-09-30,0.019558420753697243,0
Galadari_Hotels,2023-12-31,0.01954597771425118,0
Galadari_Hotels,2024-03-31,0.014565751666915682,0
Galadari_Hotels,2024-06-30,0.022058041548679203,0
Galadari_Hotels,2024-09-30,0.029063692622225613,1
Hotel_Sigiriya,2014-03-31,0.03297256990182192,1
Hotel_Sigiriya,2014-06-30,0.03678856157240541,1
Hotel_Sigiriya,2014-09-30,0.0420876444715438,1
Hotel_Sigiriya,2014-12-31,0.06836512033856253,1
Hotel_Sigiriya,2015-03-31,0.04205167515916953,1
Hotel_Sigiriya,2015-06-30,0.026900771152399198,0
Hotel_Sigiriya,2015-09-30,0.025103264511581572,0
Hotel_Sigiriya,2015-12-31,0.03517803382006082,1
Hotel_Sigiriya,2016-03-31,0.033451192477296304,1
Hotel_Sigiriya,2016-06-30,0.01319058666360122,0
Hotel_Sigiriya,2016-09-30,0.012892761364870687,0
Hotel_Sigiriya,2016-12-31,0.019479568790642023,0
Hotel_Sigiriya,2017-03-31,0.016338646239380375,0
Hotel_Sigiriya,2017-06-30,0.01532662599764794,0
Hotel_Sigiriya,2017-09-30,0.0409330452280533,1
Hotel_Sigiriya,2017-12-31,0.031256367742193175,1
Hotel_Sigiriya,2018-03-31,0.01921889211554664,0
Hotel_Sigiriya,2018-06-30,0.03889364900486879,1
Hotel_Sigiriya,2018-09-30,0.030126445886652368,0
Hotel_Sigiriya,2018-12-31,0.028136074842575732,0
Hotel_Sigiriya,2019-03-31,0.030413528843080215,0
Hotel_Sigiriya,2019-06-30,0.020976425053574936,0
Hotel_Sigiriya,2019-09-30,0.03682266631521191,1
Hotel_Sigiriya,2019-12-31,0.07017462517537668,1
Hotel_Sigiriya,2020-03-31,0.03317559127547286,1
Hotel_Sigiriya,2020-06-30,0.0384782613247518,1
Hotel_Sigiriya,2020-09-30,0.042536173115953216,1
Hotel_Sigiriya,2020-12-31,0.04267258856482819,1
Hotel_Sigiriya,2021-03-31,0.04596548372904116,1
Hotel_Sigiriya,2021-06-30,0.03121763284806801,0
Hotel_Sigiriya,2021-09-30,0.03774104224313032,1
Hotel_Sigiriya,2021-12-31,0.06886031119458041,1
Hotel_Sigiriya,2022-03-31,0.054335857931085745,1
Hotel_Sigiriya,2022-06-30,0.03196711263191953,1
Hotel_Sigiriya,2022-09-30,0.026972779178183314,0
Hotel_Sigiriya,2022-12-31,0.028185657879766787,0
Hotel_Sigiriya,2023-03-31,0.028545222510634297,0
Hotel_Sigiriya,2023-06-30,0.03105843424629722,0
Hotel_Sigiriya,2023-09-30,0.022387768342537227,0
Hotel_Sigiriya,2023-12-31,0.016295294534756703,0
Hotel_Sigiriya,2024-03-31,0.021231830756451617,0
Hotel_Sigiriya,2024-06-30,0.028347267891214854,0
Hotel_Sigiriya,2024-09-30,0.03174570447670823,1
John_Keells_Hotels,2014-03-31,0.011722161544590638,0
John_Keells_Hotels,2014-06-30,0.018009521707094273,0
John_Keells_Hotels,2014-09-30,0.016676299674893254,0
John_Keells_Hotels,2014-12-31,0.02084366508161039,1
John_Keells_Hotels,2015-03-31,0.013282644289750104,0
John_Keells_Hotels,2015-06-30,0.013589467309145835,0
John_Keells_Hotels,2015-09-30,0.01996565141479701,1
John_Keells_Hotels,2015-12-31,0.021451319498458504,1
John_Keells_Hotels,2016-03-31,0.015547214890500469,0
John_Keells_Hotels,2016-06-30,0.014814863492286058,0
John_Keells_Hotels,2016-09-30,0.016353503521435397,0
John_Keells_Hotels,2016-12-31,0.018909271022855844,1
John_Keells_Hotels,2017-03-31,0.012722953217552053,0
John_Keells_Hotels,2017-06-30,0.015970601750241897,0
John_Keells_Hotels,2017-09-30,0.01695598568692627,0
John_Keells_Hotels,2017-12-31,0.014686686338162037,0
John_Keells_Hotels,2018-03-31,0.01593464157921263,0
John_Keells_Hotels,2018-06-30,0.015641046567283788,0
John_Keells_Hotels,2018-09-30,0.011481874996426914,0
John_Keells_Hotels,2018-12-31,0.023728950889613597,1
John_Keells_Hotels,2019-03-31,0.02430615626870101,1
John_Keells_Hotels,2019-06-30,0.036388192619491354,1
John_Keells_Hotels,2019-09-30,0.027371540027446267,1
John_Keells_Hotels,2019-12-31,0.04617392893910944,1
John_Keells_Hotels,2020-03-31,0.024658814944201513,1
John_Keells_Hotels,2020-06-30,0.032306299072819906,1
John_Keells_Hotels,2020-09-30,0.026640245624346075,1
John_Keells_Hotels,2020-12-31,0.022115891413213195,1
John_Keells_Hotels,2021-03-31,0.029100218067638173,1
John_Keells_Hotels,2021-06-30,0.029687786229972927,1
John_Keells_Hotels,2021-09-30,0.040681822293591983,1
John_Keells_Hotels,2021-12-31,0.05152687721838686,1
John_Keells_Hotels,2022-03-31,0.03853216283059153,1
John_Keells_Hotels,2022-06-30,0.02810533685256408,1
John_Keells_Hotels,2022-09-30,0.025291005747206677,1
John_Keells_Hotels,2022-12-31,0.015308365002316651,0
John_Keells_Hotels,2023-03-31,0.021172842489002537,1
John_Keells_Hotels,2023-06-30,0.01671562771932258,0
John_Keells_Hotels,2023-09-30,0.013057653079382923,0
John_Keells_Hotels,2023-12-31,0.010931419798562582,0
John_Keells_Hotels,2024-03-31,0.014175416926227783,0
John_Keells_Hotels,2024-06-30,0.016566683497195908,0
John_Keells_Hotels,2024-09-30,0.022692490715820114,1
Mahaweli_Reach_Hotels_PLC,2014-03-31,0.029307091203303035,0
Mahaweli_Reach_Hotels_PLC,2014-06-30,0.02492125830411079,0
Mahaweli_Reach_Hotels_PLC,2014-09-30,0.03884076627099631,1
Mahaweli_Reach_Hotels_PLC,2014-12-31,0.03762315577223893,1
Mahaweli_Reach_Hotels_PLC,2015-03-31,0.0445965244974195,1
Mahaweli_Reach_Hotels_PLC,2015-06-30,0.037769418470224615,1
Mahaweli_Reach_Hotels_PLC,2015-09-30,0.042647387339941334,1
Mahaweli_Reach_Hotels_PLC,2015-12-31,0.034804012856744844,1
Mahaweli_Reach_Hotels_PLC,2016-03-31,0.03207227258229049,0
Mahaweli_Reach_Hotels_PLC,2016-06-30,0.03412977384674587,1
Mahaweli_Reach_Hotels_PLC,2016-09-30,0.033961418025435314,0
Mahaweli_Reach_Hotels_PLC,2016-12-31,0.0229352442241918,0
Mahaweli_Reach_Hotels_PLC,2017-03-31,0.034120148535031376,0
Mahaweli_Reach_Hotels_PLC,2017-06-30,0.03099307387048914,0
Mahaweli_Reach_Hotels_PLC,2017-09-30,0.039516952976444704,1
Mahaweli_Reach_Hotels_PLC,2017-12-31,0.028141502307359404,0
Mahaweli_Reach_Hotels_PLC,2018-03-31,0.02714943181084264,0
Mahaweli_Reach_Hotels_PLC,2018-06-30,0.03560897695311429,1
Mahaweli_Reach_Hotels_PLC,2018-09-30,0.03166984992051794,0
Mahaweli_Reach_Hotels_PLC,2018-12-31,0.03762028325675148,1
Mahaweli_Reach_Hotels_PLC,2019-03-31,0.03503765758111984,1
Mahaweli_Reach_Hotels_PLC,2019-06-30,0.03787892366248458,1
Mahaweli_Reach_Hotels_PLC,2019-09-30,0.03358677433291595,0
Mahaweli_Reach_Hotels_PLC,2019-12-31,0.07177798203053226,1
Mahaweli_Reach_Hotels_PLC,2020-03-31,0.050346560819844795,1
Mahaweli_Reach_Hotels_PLC,2020-06-30,0.03810736652542553,1
Mahaweli_Reach_Hotels_PLC,2020-09-30,0.04976583484655126,1
Mahaweli_Reach_Hotels_PLC,2020-12-31,0.044773097913216264,1
Mahaweli_Reach_Hotels_PLC,2021-03-31,0.0394041566258311,1
Mahaweli_Reach_Hotels_PLC,2021-06-30,0.03358927703405997,0
Mahaweli_Reach_Hotels_PLC,2021-09-30,0.044556297416836754,1
Mahaweli_Reach_Hotels_PLC,2021-12-31,0.0600984091520183,1
Mahaweli_Reach_Hotels_PLC,2022-03-31,0.04977469254201325,1
Mahaweli_Reach_Hotels_PLC,2022-06-30,0.05430747539696372,1
Mahaweli_Reach_Hotels_PLC,2022-09-30,0.030738018122047774,0
Mahaweli_Reach_Hotels_PLC,2022-12-31,0.023549149098313415,0
Mahaweli_Reach_Hotels_PLC,2023-03-31,0.033486271039237625,0
Mahaweli_Reach_Hotels_PLC,2023-06-30,0.029660042144623776,0
Mahaweli_Reach_Hotels_PLC,2023-09-30,0.026549413307309547,0
Mahaweli_Reach_Hotels_PLC,2023-12-31,0.02107810388165652,0
Mahaweli_Reach_Hotels_PLC,2024-03-31,0.029882124264700747,0
Mahaweli_Reach_Hotels_PLC,2024-06-30,0.033638519637842076,0
Mahaweli_Reach_Hotels_PLC,2024-09-30,0.03027938247031304,0
Palm_Garden_Hotels,2014-03-31,0.03473511534639977,0
Palm_Garden_Hotels,2014-06-30,0.01948013025163969,0
Palm_Garden_Hotels,2014-09-30,0.03697495142785044,0
Palm_Garden_Hotels,2014-12-31,0.03699251072021312,0
Palm_Garden_Hotels,2015-03-31,0.024537366497352213,0
Palm_Garden_Hotels,2015-06-30,0.028273979077927655,0
Palm_Garden_Hotels,2015-09-30,0.0314237474516687,0
Palm_Garden_Hotels,2015-12-31,0.03692399850953123,0
Palm_Garden_Hotels,2016-03-31,0.038104926087359624,1
Palm_Garden_Hotels,2016-06-30,0.0374564465763373,0
Palm_Garden_Hotels,2016-09-30,0.024460218712500075,0
Palm_Garden_Hotels,2016-12-31,0.046813775985697526,1
Palm_Garden_Hotels,2017-03-31,0.04027178515129375,1
Palm_Garden_Hotels,2017-06-30,0.030500362647264065,0
Palm_Garden_Hotels,2017-09-30,0.03822379844851375,1
Palm_Garden_Hotels,2017-12-31,0.038023745543982704,0
Palm_Garden_Hotels,2018-03-31,0.038859776320861815,1
Palm_Garden_Hotels,2018-06-30,0.04776681695667705,1
Palm_Garden_Hotels,2018-09-30,0.04664822903943218,1
Palm_Garden_Hotels,2018-12-31,0.05012156658854837,1
Palm_Garden_Hotels,2019-03-31,0.05091663364307139,1
Palm_Garden_Hotels,2019-06-30,0.05650453398961945,1
Palm_Garden_Hotels,2019-09-30,0.03361539602245848,0
Palm_Garden_Hotels,2019-12-31,0.08164949134113106,1
Palm_Garden_Hotels,2020-03-31,0.053142806491588916,1
Palm_Garden_Hotels,2020-06-30,0.043511288554113264,1
Palm_Garden_Hotels,2020-09-30,0.07577674927452681,1
Palm_Garden_Hotels,2020-12-31,0.06984605345966499,1
Palm_Garden_Hotels,2021-03-31,0.08992212483996212,1
Palm_Garden_Hotels,2021-06-30,0.06976351382450513,1
Palm_Garden_Hotels,2021-09-30,0.05171214828990346,1
Palm_Garden_Hotels,2021-12-31,0.07708295109585271,1
Palm_Garden_Hotels,2022-03-31,0.0708995005626118,1
Palm_Garden_Hotels,2022-06-30,0.051155845586714016,1
Palm_Garden_Hotels,2022-09-30,0.03715924496333725,0
Palm_Garden_Hotels,2022-12-31,0.04157296848640948,1
Palm_Garden_Hotels,2023-03-31,0.03498197712312541,0
Palm_Garden_Hotels,2023-06-30,0.02172806569280217,0
Palm_Garden_Hotels,2023-09-30,0.023342604715514418,0
Palm_Garden_Hotels,2023-12-31,0.030985326356938653,0
Palm_Garden_Hotels,2024-03-31,0.024267624023919205,0
Palm_Garden_Hotels,2024-06-30,0.0256327347671911,0
Palm_Garden_Hotels,2024-09-30,0.03518861443667735,0
Pegasus_Hotels_of_Ceylon_PLC,2014-03-31,0.029108515750407495,0
Pegasus_Hotels_of_Ceylon_PLC,2014-06-30,0.03119599388641825,1
Pegasus_Hotels_of_Ceylon_PLC,2014-09-30,0.03022538484599867,0
Pegasus_Hotels_of_Ceylon_PLC,2014-12-31,0.02654764206826124,0
Pegasus_Hotels_of_Ceylon_PLC,2015-03-31,0.027508267990388375,0
Pegasus_Hotels_of_Ceylon_PLC,2015-06-30,0.024228528734200058,0
Pegasus_Hotels_of_Ceylon_PLC,2015-09-30,0.03774657478672233,1
Pegasus_Hotels_of_Ceylon_PLC,2015-12-31,0.03803951331260191,1
Pegasus_Hotels_of_Ceylon_PLC,2016-03-31,0.023622754457814577,0
Pegasus_Hotels_of_Ceylon_PLC,2016-06-30,0.03533879317552244,1
Pegasus_Hotels_of_Ceylon_PLC,2016-09-30,0.047114465257561564,1
Pegasus_Hotels_of_Ceylon_PLC,2016-12-31,0.021994688912876165,0
Pegasus_Hotels_of_Ceylon_PLC,2017-03-31,0.024645494064234462,0
Pegasus_Hotels_of_Ceylon_PLC,2017-06-30,0.028491785165599755,0
Pegasus_Hotels_of_Ceylon_PLC,2017-09-30,0.030100127030057947,0
Pegasus_Hotels_of_Ceylon_PLC,2017-12-31,0.02688131160324194,0
Pegasus_Hotels_of_Ceylon_PLC,2018-03-31,0.030964614127060513,0
Pegasus_Hotels_of_Ceylon_PLC,2018-06-30,0.031561335464073186,1
Pegasus_Hotels_of_Ceylon_PLC,2018-09-30,0.030161255374796248,0
Pegasus_Hotels_of_Ceylon_PLC,2018-12-31,0.0257369316446522,0
Pegasus_Hotels_of_Ceylon_PLC,2019-03-31,0.03978792602781302,1
Pegasus_Hotels_of_Ceylon_PLC,2019-06-30,0.02804645869742885,0
Pegasus_Hotels_of_Ceylon_PLC,2019-09-30,0.037986585468404936,1
Pegasus_Hotels_of_Ceylon_PLC,2019-12-31,0.058524365150518565,1
Pegasus_Hotels_of_Ceylon_PLC,2020-03-31,0.03798816729830753,1
Pegasus_Hotels_of_Ceylon_PLC,2020-06-30,0.056573839241793517,1
Pegasus_Hotels_of_Ceylon_PLC,2020-09-30,0.037538306374289614,1
Pegasus_Hotels_of_Ceylon_PLC,2020-12-31,0.0367928155221935,1
Pegasus_Hotels_of_Ceylon_PLC,2021-03-31,0.02996697998039978,0
Pegasus_Hotels_of_Ceylon_PLC,2021-06-30,0.03942053892630923,1
Pegasus_Hotels_of_Ceylon_PLC,2021-09-30,0.06926859923771503,1
Pegasus_Hotels_of_Ceylon_PLC,2021-12-31,0.10007516131510871,1
Pegasus_Hotels_of_Ceylon_PLC,2022-03-31,0.05960524438172862,1
Pegasus_Hotels_of_Ceylon_PLC,2022-06-30,0.028052526203589317,0
Pegasus_Hotels_of_Ceylon_PLC,2022-09-30,0.04375826498009406,1
Pegasus_Hotels_of_Ceylon_PLC,2022-12-31,0.043082328865129735,1
Pegasus_Hotels_of_Ceylon_PLC,2023-03-31,0.04431975461928889,1
Pegasus_Hotels_of_Ceylon_PLC,2023-06-30,0.023251430237007747,0
Pegasus_Hotels_of_Ceylon_PLC,2023-09-30,0.030827711063992187,0
Pegasus_Hotels_of_Ceylon_PLC,2023-12-31,0.04483522617262755,1
Pegasus_Hotels_of_Ceylon_PLC,2024-03-31,0.02653922646357605,0
Pegasus_Hotels_of_Ceylon_PLC,2024-06-30,0.03340699977055841,1
Pegasus_Hotels_of_Ceylon_PLC,2024-09-30,0.02795286783325745,0
Renuka_City_Hotel_PLC,2014-03-31,0.016441021115552616,0
Renuka_City_Hotel_PLC,2014-06-30,0.029153521425952882,1
Renuka_City_Hotel_PLC,2014-09-30,0.025578637489809035,1
Renuka_City_Hotel_PLC,2014-12-31,0.0262032079979192,1
Renuka_City_Hotel_PLC,2015-03-31,0.015586817128934151,0
Renuka_City_Hotel_PLC,2015-06-30,0.015068030320201462,0
Renuka_City_Hotel_PLC,2015-09-30,0.019621642430463437,0
Renuka_City_Hotel_PLC,2015-12-31,0.025917787943783382,1
Renuka_City_Hotel_PLC,2016-03-31,0.02454132881087744,0
Renuka_City_Hotel_PLC,2016-06-30,0.014001300001250824,0
Renuka_City_Hotel_PLC,2016-09-30,0.02503990886345135,0
Renuka_City_Hotel_PLC,2016-12-31,0.026898871110904384,1
Renuka_City_Hotel_PLC,2017-03-31,0.020894509456093842,0
Renuka_City_Hotel_PLC,2017-06-30,0.012591922005909256,0
Renuka_City_Hotel_PLC,2017-09-30,0.0192175600875856,0
Renuka_City_Hotel_PLC,2017-12-31,0.014473442026314558,0
Renuka_City_Hotel_PLC,2018-03-31,0.024181199010022542,0
Renuka_City_Hotel_PLC,2018-06-30,0.041736014803271076,1
Renuka_City_Hotel_PLC,2018-09-30,0.05771964166733968,1
Renuka_City_Hotel_PLC,2018-12-31,0.02924901061706131,1
Renuka_City_Hotel_PLC,2019-03-31,0.01709688850107061,0
Renuka_City_Hotel_PLC,2019-06-30,0.026281392311154547,1
Renuka_City_Hotel_PLC,2019-09-30,0.02963589193775491,1
Renuka_City_Hotel_PLC,2019-12-31,0.06129026099181477,1
Renuka_City_Hotel_PLC,2020-03-31,0.024590101807483042,0
Renuka_City_Hotel_PLC,2020-06-30,0.0368237631747855,1
Renuka_City_Hotel_PLC,2020-09-30,0.03637283083614689,1
Renuka_City_Hotel_PLC,2020-12-31,0.029268567062073026,1
Renuka_City_Hotel_PLC,2021-03-31,0.02107272010189388,0
Renuka_City_Hotel_PLC,2021-06-30,0.03559231072358328,1
Renuka_City_Hotel_PLC,2021-09-30,0.049656925121641854,1
Renuka_City_Hotel_PLC,2021-12-31,0.05955934927677329,1
Renuka_City_Hotel_PLC,2022-03-31,0.027603266123187593,1
Renuka_City_Hotel_PLC,2022-06-30,0.03629560429508525,1
Renuka_City_Hotel_PLC,2022-09-30,0.025327594325065775,1
Renuka_City_Hotel_PLC,2022-12-31,0.022662714850820945,0
Renuka_City_Hotel_PLC,2023-03-31,0.027794347090416074,1
Renuka_City_Hotel_PLC,2023-06-30,0.02126205829650125,0
Renuka_City_Hotel_PLC,2023-09-30,0.016613377012027815,0
Renuka_City_Hotel_PLC,2023-12-31,0.02388595781331312,0
Renuka_City_Hotel_PLC,2024-03-31,0.017129255015757735,0
Renuka_City_Hotel_PLC,2024-06-30,0.02187219747660067,0
Renuka_City_Hotel_PLC,2024-09-30,0.03029821832953451,1
Royal_Palms_Beach_Hotels_PLC,2014-03-31,0.04115766744259818,0
Royal_Palms_Beach_Hotels_PLC,2014-06-30,0.04568493927453421,1
Royal_Palms_Beach_Hotels_PLC,2014-09-30,0.059806223765054185,1
Royal_Palms_Beach_Hotels_PLC,2014-12-31,0.044934974852911785,1
Royal_Palms_Beach_Hotels_PLC,2015-03-31,0.0480231963487854,1
Royal_Palms_Beach_Hotels_PLC,2015-06-30,0.04150257876780852,1
Royal_Palms_Beach_Hotels_PLC,2015-09-30,0.06582858773962778,1
Royal_Palms_Beach_Hotels_PLC,2015-12-31,0.06295504348175344,1
Royal_Palms_Beach_Hotels_PLC,2016-03-31,0.052885434530857575,1
Royal_Palms_Beach_Hotels_PLC,2016-06-30,0.03262988204519323,0
Royal_Palms_Beach_Hotels_PLC,2016-09-30,0.030331002657952577,0
Royal_Palms_Beach_Hotels_PLC,2016-12-31,0.04870646865197693,1
Royal_Palms_Beach_Hotels_PLC,2017-03-31,0.05120202693766262,1
Royal_Palms_Beach_Hotels_PLC,2017-06-30,0.034213719818215506,0
Royal_Palms_Beach_Hotels_PLC,2017-09-30,0.03121112379425803,0
Royal_Palms_Beach_Hotels_PLC,2017-12-31,0.02971550394719457,0
Royal_Palms_Beach_Hotels_PLC,2018-03-31,0.036594496492614266,0
Royal_Palms_Beach_Hotels_PLC,2018-06-30,0.03029731174508845,0
Royal_Palms_Beach_Hotels_PLC,2018-09-30,0.035695600120737456,0
Royal_Palms_Beach_Hotels_PLC,2019-03-31,0.030023315434152386,0
Royal_Palms_Beach_Hotels_PLC,2019-06-30,0.03844329465421708,0
Royal_Palms_Beach_Hotels_PLC,2019-09-30,0.03799607100552786,0
Royal_Palms_Beach_Hotels_PLC,2019-12-31,0.052196905312758855,1
Royal_Palms_Beach_Hotels_PLC,2020-03-31,0.038199686297590914,0
Royal_Palms_Beach_Hotels_PLC,2020-06-30,0.03486984595667764,0
Royal_Palms_Beach_Hotels_PLC,2020-09-30,0.03545247560002523,0
Royal_Palms_Beach_Hotels_PLC,2020-12-31,0.04193971615172662,1
Royal_Palms_Beach_Hotels_PLC,2021-03-31,0.02386379230968204,0
Royal_Palms_Beach_Hotels_PLC,2021-06-30,0.050696258642627334,1
Royal_Palms_Beach_Hotels_PLC,2021-09-30,0.04098089777052174,0
Royal_Palms_Beach_Hotels_PLC,2021-12-31,0.06894137050624516,1
Royal_Palms_Beach_Hotels_PLC,2022-03-31,0.06393646709213864,1
Royal_Palms_Beach_Hotels_PLC,2022-06-30,0.06352077414290862,1
Royal_Palms_Beach_Hotels_PLC,2022-09-30,0.047355239872747625,1
Royal_Palms_Beach_Hotels_PLC,2022-12-31,0.03731016169263833,0
Royal_Palms_Beach_Hotels_PLC,2023-03-31,0.04770815240694209,1
Royal_Palms_Beach_Hotels_PLC,2023-06-30,0.042190216274111444,1
Royal_Palms_Beach_Hotels_PLC,2023-09-30,0.044535257994861445,1
Royal_Palms_Beach_Hotels_PLC,2023-12-31,0.04377021010755251,1
Royal_Palms_Beach_Hotels_PLC,2024-03-31,0.04059599846542455,0
Royal_Palms_Beach_Hotels_PLC,2024-06-30,0.028840194478116837,0
Royal_Palms_Beach_Hotels_PLC,2024-09-30,0.0296445630054991,0
Serendib_Hotels_PLC,2014-03-31,0.037573243901987984,0
Serendib_Hotels_PLC,2014-06-30,0.034212515672308104,0
Serendib_Hotels_PLC,2014-09-30,0.03975195975130319,0
Serendib_Hotels_PLC,2014-12-31,0.0638342061781026,1
Serendib_Hotels_PLC,2015-03-31,0.035661264058505414,0
Serendib_Hotels_PLC,2015-06-30,0.05251814795191521,1
Serendib_Hotels_PLC,2015-09-30,0.061605865779737,1
Serendib_Hotels_PLC,2015-12-31,0.0666741375856097,1
Serendib_Hotels_PLC,2016-03-31,0.04938160364974894,1
Serendib_Hotels_PLC,2016-06-30,0.0576304389600317,1
Serendib_Hotels_PLC,2016-09-30,0.052871344064380356,1
Serendib_Hotels_PLC,2016-12-31,0.05254071985993505,1
Serendib_Hotels_PLC,2017-03-31,0.04674104163512022,1
Serendib_Hotels_PLC,2017-06-30,0.04882482669522553,1
Serendib_Hotels_PLC,2017-09-30,0.03852761773437343,0
Serendib_Hotels_PLC,2017-12-31,0.03576042686428088,0
Serendib_Hotels_PLC,2018-03-31,0.05612000752103403,1
Serendib_Hotels_PLC,2018-06-30,0.09639797689979292,1
Serendib_Hotels_PLC,2018-09-30,0.08829739858004257,1
Serendib_Hotels_PLC,2018-12-31,0.07926233531147599,1
Serendib_Hotels_PLC,2019-03-31,0.0815612143820946,1
Serendib_Hotels_PLC,2019-06-30,0.04375171393565522,0
Serendib_Hotels_PLC,2019-09-30,0.0404504274541124,0
Serendib_Hotels_PLC,2019-12-31,0.0709267439585032,1
Serendib_Hotels_PLC,2020-03-31,0.08073779861404062,1
Serendib_Hotels_PLC,2020-06-30,0.053146338724320716,1
Serendib_Hotels_PLC,2020-09-30,0.03621516285280983,0
Serendib_Hotels_PLC,2020-12-31,0.022395015335258853,0
Serendib_Hotels_PLC,2021-03-31,0.0435771595990633,0
Serendib_Hotels_PLC,2021-06-30,0.04274687445635893,0
Serendib_Hotels_PLC,2021-09-30,0.036718168358888324,0
Serendib_Hotels_PLC,2021-12-31,0.07755599439752815,1
Serendib_Hotels_PLC,2022-03-31,0.06505216571504568,1
Serendib_Hotels_PLC,2022-06-30,0.07959939540334889,1
Serendib_Hotels_PLC,2022-09-30,0.03957301980247878,0
Serendib_Hotels_PLC,2022-12-31,0.027971143822672382,0
Serendib_Hotels_PLC,2023-03-31,0.03789655457355036,0
Serendib_Hotels_PLC,2023-06-30,0.02748427366353075,0
Serendib_Hotels_PLC,2023-09-30,0.02753962047615624,0
Serendib_Hotels_PLC,2023-12-31,0.026333275418314508,0
Serendib_Hotels_PLC,2024-06-30,0.030865703537746012,0
Serendib_Hotels_PLC,2024-09-30,0.027845836393409165,0
Sigiriya_Village_Hotels_PLC,2014-03-31,0.02863153963128624,0
Sigiriya_Village_Hotels_PLC,2014-06-30,0.03621901438135994,1
Sigiriya_Village_Hotels_PLC,2014-09-30,0.04702400555082306,1
Sigiriya_Village_Hotels_PLC,2014-12-31,0.051990090452314584,1
Sigiriya_Village_Hotels_PLC,2015-03-31,0.01920464062468925,0
Sigiriya_Village_Hotels_PLC,2015-06-30,0.0221106680273073,0
Sigiriya_Village_Hotels_PLC,2015-09-30,0.035167585371626474,1
Sigiriya_Village_Hotels_PLC,2015-12-31,0.02903622559090808,1
Sigiriya_Village_Hotels_PLC,2016-03-31,0.02616496497769046,0
Sigiriya_Village_Hotels_PLC,2016-06-30,0.02496347289855591,0
Sigiriya_Village_Hotels_PLC,2016-09-30,0.02225463408217822,0
Sigiriya_Village_Hotels_PLC,2016-12-31,0.02762375071945186,0
Sigiriya_Village_Hotels_PLC,2017-03-31,0.027607639852576034,0
Sigiriya_Village_Hotels_PLC,2017-06-30,0.03513328700443822,1
Sigiriya_Village_Hotels_PLC,2017-09-30,0.02034959515200943,0
Sigiriya_Village_Hotels_PLC,2017-12-31,0.02990911926306531,1
Sigiriya_Village_Hotels_PLC,2018-03-31,0.024701233546363006,0
Sigiriya_Village_Hotels_PLC,2018-06-30,0.02108483363226002,0
Sigiriya_Village_Hotels_PLC,2018-09-30,0.027063499470778064,0
Sigiriya_Village_Hotels_PLC,2018-12-31,0.03158200557283405,1
Sigiriya_Village_Hotels_PLC,2019-03-31,0.02672204789674793,0
Sigiriya_Village_Hotels_PLC,2019-06-30,0.01741516783659997,0
Sigiriya_Village_Hotels_PLC,2019-09-30,0.02255013383872256,0
Sigiriya_Village_Hotels_PLC,2019-12-31,0.08373045144667421,1
Sigiriya_Village_Hotels_PLC,2020-03-31,0.027892425771550287,0
Sigiriya_Village_Hotels_PLC,2020-06-30,0.023783998395462167,0
Sigiriya_Village_Hotels_PLC,2020-09-30,0.029991722367280864,1
Sigiriya_Village_Hotels_PLC,2020-12-31,0.04455072542015155,1
Sigiriya_Village_Hotels_PLC,2021-03-31,0.03677382431713446,1
Sigiriya_Village_Hotels_PLC,2021-06-30,0.03416033375007212,1
Sigiriya_Village_Hotels_PLC,2021-09-30,0.051912133793531566,1
Sigiriya_Village_Hotels_PLC,2021-12-31,0.07319048863206443,1
Sigiriya_Village_Hotels_PLC,2022-03-31,0.06441643478086924,1
Sigiriya_Village_Hotels_PLC,2022-06-30,0.03414334410795429,1
Sigiriya_Village_Hotels_PLC,2022-09-30,0.034662022412092805,1
Sigiriya_Village_Hotels_PLC,2022-12-31,0.03538094448772134,1
Sigiriya_Village_Hotels_PLC,2023-03-31,0.028633340991853003,0
Sigiriya_Village_Hotels_PLC,2023-06-30,0.028649154864885444,1
Sigiriya_Village_Hotels_PLC,2023-09-30,0.02619509784569463,0
Sigiriya_Village_Hotels_PLC,2023-12-31,0.025276262220522556,0
Sigiriya_Village_Hotels_PLC,2024-03-31,0.021258141093494498,0
Sigiriya_Village_Hotels_PLC,2024-06-30,0.02979898958971313,1
Sigiriya_Village_Hotels_PLC,2024-09-30,0.04154101074849892,1
Tal_Lanka_Hotel_PLC,2014-03-31,0.015169759546896776,0
Tal_Lanka_Hotel_PLC,2014-06-30,0.024153401333889265,0
Tal_Lanka_Hotel_PLC,2014-09-30,0.026575999372389185,0
Tal_Lanka_Hotel_PLC,2014-12-31,0.03719701081824688,1
Tal_Lanka_Hotel_PLC,2015-03-31,0.028790200828747874,0
Tal_Lanka_Hotel_PLC,2015-06-30,0.014101692192521977,0
Tal_Lanka_Hotel_PLC,2015-09-30,0.0258660693525774,0
Tal_Lanka_Hotel_PLC,2015-12-31,0.025575822868684754,0
Tal_Lanka_Hotel_PLC,2016-03-31,0.022083214732792854,0
Tal_Lanka_Hotel_PLC,2016-06-30,0.023569745411752798,0
Tal_Lanka_Hotel_PLC,2016-09-30,0.02052878213719974,0
Tal_Lanka_Hotel_PLC,2016-12-31,0.030003279075816916,0
Tal_Lanka_Hotel_PLC,2017-03-31,0.021086441185437198,0
Tal_Lanka_Hotel_PLC,2017-06-30,0.021457588407604252,0
Tal_Lanka_Hotel_PLC,2017-09-30,0.032580415680607336,1
Tal_Lanka_Hotel_PLC,2017-12-31,0.02584303709088371,0
Tal_Lanka_Hotel_PLC,2018-03-31,0.035974619099267614,1
Tal_Lanka_Hotel_PLC,2018-06-30,0.03384822609567688,1
Tal_Lanka_Hotel_PLC,2018-09-30,0.027168454723426074,0
Tal_Lanka_Hotel_PLC,2018-12-31,0.03621491032031408,1
Tal_Lanka_Hotel_PLC,2019-03-31,0.027666350449142667,0
Tal_Lanka_Hotel_PLC,2019-06-30,0.04383976601449965,1
Tal_Lanka_Hotel_PLC,2019-09-30,0.035115242362252046,1
Tal_Lanka_Hotel_PLC,2019-12-31,0.06572922336120084,1
Tal_Lanka_Hotel_PLC,2020-03-31,0.03111629552004237,1
Tal_Lanka_Hotel_PLC,2020-06-30,0.04489875282168262,1
Tal_Lanka_Hotel_PLC,2020-09-30,0.030628421250561418,1
Tal_Lanka_Hotel_PLC,2020-12-31,0.04824405888006909,1
Tal_Lanka_Hotel_PLC,2021-03-31,0.041739311818355426,1
Tal_Lanka_Hotel_PLC,2021-06-30,0.05943135463661628,1
Tal_Lanka_Hotel_PLC,2021-09-30,0.04394708724929197,1
Tal_Lanka_Hotel_PLC,2021-12-31,0.10309682222489072,1
Tal_Lanka_Hotel_PLC,2022-03-31,0.06552946004056504,1
Tal_Lanka_Hotel_PLC,2022-06-30,0.03551277477856849,1
Tal_Lanka_Hotel_PLC,2022-09-30,0.035157456542417226,1
Tal_Lanka_Hotel_PLC,2022-12-31,0.035427983726589125,1
Tal_Lanka_Hotel_PLC,2023-03-31,0.03888017578564443,1
Tal_Lanka_Hotel_PLC,2023-06-30,0.03804608168550921,1
Tal_Lanka_Hotel_PLC,2023-09-30,0.02122460799667481,0
Tal_Lanka_Hotel_PLC,2023-12-31,0.027157029082900044,0
Tal_Lanka_Hotel_PLC,2024-03-31,0.029704688012457767,0
Tal_Lanka_Hotel_PLC,2024-06-30,0.03027304429617983,0
Tal_Lanka_Hotel_PLC,2024-09-30,0.028732985572497847,0
The_Lighthouse_Hotel_PLC,2014-03-31,0.030081248146266466,0
The_Lighthouse_Hotel_PLC,2014-06-30,0.02693989805364389,0
The_Lighthouse_Hotel_PLC,2014-09-30,0.06231624654093326,1
The_Lighthouse_Hotel_PLC,2014-12-31,0.050284348952986745,1
The_Lighthouse_Hotel_PLC,2015-03-31,0.031043181009478525,0
The_Lighthouse_Hotel_PLC,2015-06-30,0.014936868232146211,0
The_Lighthouse_Hotel_PLC,2015-09-30,0.03661788181450159,0
The_Lighthouse_Hotel_PLC,2015-12-31,0.045553517968330196,1
The_Lighthouse_Hotel_PLC,2016-03-31,0.04490912124591833,1
The_Lighthouse_Hotel_PLC,2016-06-30,0.035667051127245435,0
The_Lighthouse_Hotel_PLC,2016-09-30,0.04023246054861714,0
The_Lighthouse_Hotel_PLC,2016-12-31,0.048174892513692044,1
The_Lighthouse_Hotel_PLC,2017-03-31,0.0323356955732671,0
The_Lighthouse_Hotel_PLC,2017-06-30,0.021558472628691604,0
The_Lighthouse_Hotel_PLC,2017-09-30,0.03829902022606559,0
The_Lighthouse_Hotel_PLC,2017-12-31,0.04842300593266514,1
The_Lighthouse_Hotel_PLC,2018-03-31,0.04066684686402451,1
The_Lighthouse_Hotel_PLC,2018-06-30,0.04600327974837006,1
The_Lighthouse_Hotel_PLC,2018-09-30,0.04171080503231348,1
The_Lighthouse_Hotel_PLC,2018-12-31,0.04642328109209095,1
The_Lighthouse_Hotel_PLC,2019-03-31,0.054537240097213086,1
The_Lighthouse_Hotel_PLC,2019-06-30,0.059376629169099165,1
The_Lighthouse_Hotel_PLC,2019-09-30,0.046052270998104945,1
The_Lighthouse_Hotel_PLC,2019-12-31,0.07224258729560228,1
The_Lighthouse_Hotel_PLC,2020-03-31,0.04959904770814195,1
The_Lighthouse_Hotel_PLC,2020-06-30,0.032287102608774355,0
The_Lighthouse_Hotel_PLC,2020-09-30,0.0469825497881403,1
The_Lighthouse_Hotel_PLC,2020-12-31,0.039273669435127855,0
The_Lighthouse_Hotel_PLC,2021-03-31,0.041805927304282876,1
The_Lighthouse_Hotel_PLC,2021-06-30,0.04359012248270207,1
The_Lighthouse_Hotel_PLC,2021-09-30,0.049007986556057176,1
The_Lighthouse_Hotel_PLC,2021-12-31,0.08491495509223736,1
The_Lighthouse_Hotel_PLC,2022-03-31,0.07194241818368093,1
The_Lighthouse_Hotel_PLC,2022-06-30,0.05054018811613567,1
The_Lighthouse_Hotel_PLC,2022-09-30,0.028746303023026484,0
The_Lighthouse_Hotel_PLC,2022-12-31,0.034242269933759506,0
The_Lighthouse_Hotel_PLC,2023-03-31,0.034884609243876874,0
The_Lighthouse_Hotel_PLC,2023-06-30,0.03251275328152974,0
The_Lighthouse_Hotel_PLC,2023-09-30,0.03553901439295054,0
The_Lighthouse_Hotel_PLC,2023-12-31,0.03189914923358585,0
The_Lighthouse_Hotel_PLC,2024-03-31,0.025395895639144208,0
The_Lighthouse_Hotel_PLC,2024-06-30,0.02643393603139426,0
The_Lighthouse_Hotel_PLC,2024-09-30,0.0259515347357398,0
